"Time","Pod in All States"
1761496030000,1
1761496040000,1
1761496050000,1
1761496060000,6
1761496070000,6
1761496080000,6
1761496090000,6
1761496100000,7
1761496110000,4
1761496120000,7
1761496130000,27
1761496140000,24
1761496150000,24
1761496160000,24
1761496170000,23
1761496180000,7
1761496190000,8
1761496200000,8
1761496210000,12
1761496220000,12
1761496230000,10
1761496240000,10
1761496250000,7
1761496260000,1
1761496270000,2
1761496280000,2
1761496290000,2
1761496300000,9
1761496310000,15
1761496320000,15
1761496330000,15
1761496340000,15
1761496350000,1
1761496360000,7
1761496370000,7
1761496380000,7
1761496390000,10
1761496400000,7
1761496410000,4
1761496420000,7
1761496430000,18
1761496440000,18
1761496450000,18
1761496460000,18
1761496470000,4
1761496480000,6
1761496490000,9
1761496500000,9
1761496510000,10
1761496520000,13
1761496530000,10
1761496540000,9
1761496550000,7
1761496560000,1
1761496570000,1
1761496580000,25
1761496590000,25
1761496600000,25
1761496610000,25
1761496620000,25
1761496630000,10
1761496640000,10
1761496650000,12
1761496660000,12
1761496670000,10
1761496680000,10
1761496690000,7
1761496700000,27
1761496710000,25
1761496720000,25
1761496730000,25
1761496740000,25
1761496750000,4
1761496760000,5
1761496770000,6
1761496780000,10
1761496790000,9
1761496800000,8
1761496810000,22
1761496820000,20
1761496830000,15
1761496840000,15
1761496850000,8
1761496860000,15
1761496870000,15
1761496880000,15
1761496890000,15
1761496900000,8
1761496910000,8
1761496920000,10
1761496930000,11
1761496940000,10
1761496950000,10
1761496960000,11
1761496970000,10
1761496980000,10
1761496990000,10
1761497000000,3
1761497010000,3
1761497020000,5
1761497030000,6
1761497040000,6
1761497050000,6
1761497060000,8
1761497070000,8
1761497080000,8
1761497090000,7
1761497100000,15
1761497110000,10
1761497120000,10
1761497130000,10
1761497140000,8
1761497150000,8
1761497160000,8
1761497170000,8
1761497180000,3
1761497190000,3
1761497200000,6
1761497210000,10
1761497220000,12
1761497230000,15
1761497240000,15
1761497250000,11
1761497260000,9
1761497270000,3
1761497280000,3
1761497290000,3
1761497300000,3
1761497310000,3
1761497320000,3
1761497330000,1
1761497340000,1
1761497350000,1
1761497360000,1
1761497370000,1
1761497380000,1
1761497390000,1